id,category,product_url,name,ingredients
1,Skin_fading__lightener,https://www.ewg.org/skindeep/products/924940-Bamboobies_Stretch_Mark__Scar_Balm_2020_formulation/,Bamboobies Stretch Mark + Scar Balm (2020 formulation),"OLEA EUROPAEA (OLIVE) FRUIT OIL, BEESWAX, COCOS NUCIFERA (COCONUT) OIL, HELIANTHUS ANNUUS (SUNFLOWER) SEED OIL*, TOCOPHEROL (VITAMIN E), SIMMONDSIA CHINENSIS (JOJOBA) SEED OIL, ROSA MOSCHATA SEED OIL, BUTYROSPERMUM PARKII (SHEA) BUTTER*, ROSMARINUS OFFICINALIS (ROSEMARY) LEAF EXTRACT*, CALENDULA OFFICINALIS FLOWER EXTRACT*, CHAMOMILLA RECUTITA (MATRICARIA) FLOWER EXTRACT*, LAVANDULA ANGUSTIFOLIA (LAVENDER) OIL*"
2,Skin_fading__lightener,https://www.ewg.org/skindeep/products/917539-Alikay_Naturals_Majestic_Beauty_Stretch_Mark__Scar_Remover_2019_formulation/,Alikay Naturals Majestic Beauty Stretch Mark & Scar Remover (2019 formulation),": BUTYROSPERMUM PARKII (SHEA BUTTER), DROMAIUS NOVAE-HOLLANDIAE (EMU) OIL, ROSA AFFINIS RUBIGINOSA (ROSEHIP) OIL, TOCOPHEROL (VITAMIN E) TRITICUM VULGARE (WHEAT) GERM OIL, SIMMONDSIA CHINENSIS (JOJOBA) SEED OIL, PRUNUS AMYGDALUS DULCIS (SWEET ALMOND) OIL, ROSMARINUS OFFICINALIS (ROSEMARY) LEAF EXTRACT."
3,Skin_fading__lightener,https://www.ewg.org/skindeep/products/855764-100_Pure_Dark_Spot_Remover/,100% Pure Dark Spot Remover,"ALOE BARBADENSIS (ALOE JUICE) LEAF EXTRACT, RICE FERMENT FILTRATE (SAKE), MYRICA CERIFERA (BAYBERRY) FRUIT EXTRACT, TRICHOLOMA MATSUTAKE (MATSUTAKE MUSHROOM) EXTRACT, LOOFAH CYLINDRICA (VEGETABLE CELLULOSE), CITRUS AURANTIFOLIA (LIME) FRUIT EXTRACT, ASCORBYL PALMITATE (VITAMIN C), GLYCYRRHIZA GLABRA (LICORICE) ROOT EXTRACT, PAPAIN (PAPAYA PAPAIN) EXTRACT, CARRAGEENAN (CHONDRUS CRISPUS), ASPARAGOPSIS ARMATA (RED ALGAE) EXTRACT, ROSA CANINA (ROSEHIP) SEED OIL, XANTHAN GUM, LONICERA CAPRIFOLIUM FLOWER AND LONICERA JAPONICA (HONEYSUCKLE) FLOWER."
4,Skin_fading__lightener,https://www.ewg.org/skindeep/products/520426-ARCONA_Brightening_Drops_Skin_Brightening_Serum/,"ARCONA Brightening Drops, Skin Brightening Serum","Hamamelis Virginiana Extract (Witch Hazel), Azelaic Acid, Gallic Acid, Lactic Acid, Ascorbic Acid (Vitamin C) (Vitamin C), Kojic Acid, Arbutin, Red Raspberry (Rubus Idaeus) Extract (Rubus Idaeus), Bilberry (Vaccinium Myrtillus) Extract, Grapefruit Seed Extract (Citrus Gandis)"
5,Skin_fading__lightener,https://www.ewg.org/skindeep/products/1040915-8_Sheep_Organics_8Sheep_organics_20_Glycolic_Acid_Resurfacing_Cream/,8Sheep organics 20% Glycolic Acid Resurfacing Cream,"Purified Water, Glycolic Acid, High Oleic Sunflower Oil, L-Ascorbic Acid, Lauryl Laurate, Glycerin, Allantoin, Panthenol, Sodium Hyaluronate, Glyceryl Stearate, Cetearyl Alcohol, Stearoyl Lactylate, Xanthan Gum, Sodium Dehydroacetate, Potassium Sorbate"
6,Skin_fading__lightener,https://www.ewg.org/skindeep/products/988430-Caudalie_Premier_Cru_Dark_Circle_Correcting_Eye_Cream/,Caudalie Premier Cru Dark Circle Correcting Eye Cream,"aqua/water/eau, mica, coco-caprylate/ caprate, ethylhexyl stearate, glycerin, butylene glycol, bis-behenyl/isostearyl/phytosteryl dimer dilinoleyl dimer dilinoleate, silica, pentylene glycol, propanediol, cetearyl alcohol, cetearyl glucoside, persea gratissima (avocado) oil, hydrogenated olive oil stearyl esters, palmitoyl grapevine shoot extract, palmitoyl grape seed extract, oleic acid, hydrogenated avocado oil, potassium cetyl phosphate, tocopheryl acetate, carbomer, ci 77891 (titanium dioxide), terminalia arjuna extract, helianthus annuus (sunflower) seed oil, sodium dehydroacetate, ci 77491 (iron oxides), hydrolyzed hyaluronic acid, magnolia grandiflora bark extract, xanthan gum, tocopherol, adenosine, lecithin, sodium phytate, gleditsia triacanthos seed extract, caprylyl glycol, paeonia lactiflora root extract. (317/005)"
7,Skin_fading__lightener,https://www.ewg.org/skindeep/products/988595-Ren_Clean_Skincare_Radiance_Brightening_Dark_Circle_Eye_Cream/,Ren Clean Skincare Radiance Brightening Dark Circle Eye Cream,"Aqua (Water), Undecane, Glycerin, Caprylic/Capric Triglyceride, Tridecane, Polyglyceryl-3 Polyricinoleate, Polyglyceryl-4 Isostearate, Shea Butter Ethyl Esters, Avena Sativa (Oat) Kernel Oil, Sorbitol, Jojoba Esters, Xylitylglucoside, Silica, Sodium Chloride, Anhydroxylitol, Coco-Caprylate/Caprate, Helianthus Annuus Seed Wax, Propanediol, Benzyl Alcohol, Hydroxyacetophenone, Stearalkonium Hectorite, Xylitol, Glycogen, Polyglyceryl-3 Ricinoleate, Disteardimonium Hectorite, Sodium Hyaluronate, Propylene Carbonate, Glucose, Sambucus Nigra Flower Extract, Acacia Decurrens Flower Wax, Polyglycerin-3, Tocopherol, Citric Acid"
8,Skin_fading__lightener,https://www.ewg.org/skindeep/products/9720436-No7_Laboratories_Dark_Spot_Correcting_Booster_Serum_with_Vitamin_C/,No7 Laboratories Dark Spot Correcting Booster Serum with Vitamin C,"Aqua (Water), Glycerin, Gluconolactone, 3-O-Ethyl Ascorbic Acid, Aluminum Starch Octenylsuccinate, Butylene Glycol, Polyacrylate Crosspolymer-6, Potassium Hydroxide, Phenoxyethanol, Ammonium Glycyrrhizate, Phyllanthus Emblica Fruit Extract, Propylene Glycol, Caprylyl Glycol, Sophora Angustifolia Root Extract, Hydroxypropyl Cyclodextrin, Ethylhexylglycerin, Tetrasodium EDTA, T-Butyl Alcohol, Morus Alba Leaf Extract."
9,Skin_fading__lightener,https://www.ewg.org/skindeep/products/1013313-Versed_Out_of_Sight_Dark_Spot_Gel/,Versed Out of Sight Dark Spot Gel,"Citrus Aurantium Dulcis (Orange) Fruit Water, Water/Aqua/eau, Aloe Barbadensis Leaf Juice, Niacinamide, Erythritol, Citric Acid, Tranexamic Acid, Propanediol, Kojic Acid, Sodium Hyaluronate, Glycyrrhiza Glabra (Licorice) Root Extract, Glycerin, Caesalpinia Spinosa Gum, Xanthan Gum, Sodium Phytate, Sodium Benzoate, Potassium Sorbate, Hydroxyacetophenone"
10,Skin_fading__lightener,https://www.ewg.org/skindeep/products/9230719-Hero_Cosmetics_Mighty_Patch_Micropoint_for_Dark_Spots_PostBlemish_Dark_Spot_Patch_8ct/,"Hero Cosmetics Mighty Patch Micropoint for Dark Spots, Post-Blemish Dark Spot Patch, 8ct","Sodium hyaluronate, water, niacinamide, butylene glycol, 3-o-ethyl ascorbic acid, kojic acid, tranexamic acid, glycyrrhiza uralensis (licorice) root extract, madecassoside, centella asiatica extract, pentylene glycol, 1,2-hexanediol, sodium dehydroacetate, phenoxyethanol."
11,Skin_fading__lightener,https://www.ewg.org/skindeep/products/990741-Clarins_Bright_Plus_Dark_Spot_Targeting_Serum/,Clarins Bright Plus Dark Spot Targeting Serum,"AQUA/WATER/EAU, GLYCERIN, ASCORBYL GLUCOSIDE, BORON NITRIDE, PENTYLENE GLYCOL, BUTYLENE GLYCOL, CELLULOSE, TROMETHAMINE, SODIUM POLYACRYLATE, SODIUM CITRATE, XANTHAN GUM, ETHYLHEXYLGLYCERIN, BIOTIN, PARFUM/FRAGRANCE, SODIUM HYALURONATE, SAMBUCUS NIGRA FLOWER EXTRACT, CITRIC ACID, POLIANTHES TUBEROSA POLYSACCHARIDE, MALPIGHIA EMARGINATA (ACEROLA) FRUIT EXTRACT, XYLITOL, ALCHEMILLA VULGARIS EXTRACT, MALPIGHIA EMARGINATA (ACEROLA) SEED EXTRACT, SODIUM BENZOATE, PANCRATIUM MARITIMUM EXTRACT, POTASSIUM SORBATE, RHODOMYRTUS TOMENTOSA FRUIT EXTRACT, ENGELHARDTIA CHRYSOLEPIS LEAF EXTRACT."
12,Skin_fading__lightener,https://www.ewg.org/skindeep/products/988438-Caudalie_Vinoperfect_Brightening_Glycolic_Essence/,Caudalie Vinoperfect Brightening Glycolic Essence,"aqua/water/eau, vitis vinifera (grape) fruit water*, citrus aurantium amara (bitter orange) flower water*, glycerin*, methylpropanediol, glycolic acid, sodium hydroxide, vitis vinifera (grape) juice*, caprylyl glycol, citric acid*, arginine, sodium benzoate, paeonia lactiflora root extract*, phenylpropanol, potassium sorbate, sodium phytate*, linalool, limonene (190/032) * origine v g tale - plant origin"
13,Skin_fading__lightener,https://www.ewg.org/skindeep/products/1039697-Glow_Recipe_Guava_Vitamin_C_Dark_Spot_Serum/,Glow Recipe Guava Vitamin C Dark Spot Serum,"Water/Aqua/Eau, Propanediol, C9-12 Alkane, Psidium Guajava Fruit Extract, Tetrahexyldecyl Ascorbate, Tranexamic Acid, Sodium Polyacryloyldimethyl Taurate, 3-O-Ethyl Ascorbic Acid, Ascorbyl Glucoside, Magnesium Ascorbyl Phosphate, Sodium Ascorbyl Phosphate, Psidium Guajava Seed Oil, Tocopherol, Tocopheryl Acetate, Sodium Hyaluronate, Ferulic Acid, Tremella Fuciformis Sporocarp Extract, Pyrus Malus (Apple) Fruit Extract, Musa Sapientum (Banana) Fruit Extract, Prunus Armeniaca (Apricot) Kernel Extract, Pyrus Communis (Pear) Fruit Extract, Rubus Idaeus (Raspberry) Fruit Extract, Melia Azadirachta Flower Extract, Melia Azadirachta Leaf Extract, Corallina Officinalis Extract, Coccinia Indica Fruit Extract, Hexanoyl Dipeptide-3 Norleucine Acetate, Polyglyceryl-10 Dioleate, Glycerin, 1,2-Hexanediol, Caprylic/Capric Triglyceride, Caprylyl Glycol, Hydroxyacetophenone, Sodium Stearoyl Glutamate, Coco-Caprylate/Caprate, Betaine, Lecithin, Polyglyceryl-10 Dipalmitate, Sodium Citrate, Sodium Phytate, Potassium Sorbate, Decyl Glucoside, Lauryl Glucoside, Ethylhexylglycerin, Citric Acid, Xanthan Gum, Phenoxyethanol"
14,Skin_fading__lightener,https://www.ewg.org/skindeep/products/960660-Clarins_Body_Partner_Stretch_Mark_Expert/,Clarins Body Partner Stretch Mark Expert,"AQUA/WATER/EAU, CAPRYLIC/CAPRIC TRIGLYCERIDE, ALCOHOL, HYDROGENATED COCO-GLYCERIDES, HYDROGENATED POLYISOBUTENE, CETEARYL ALCOHOL, ISONONYL ISONONANOATE, GLYCERIN, DIMETHICONE, CORYLUS AVELLANA (HAZEL) SEED OIL, SQUALANE, CETEARYL GLUCOSIDE, ASIATICOSIDE, CARBOMER, ETHYLHEXYLGLYCERIN, DISODIUM EDTA, ETHYLENE BRASSYLATE, SODIUM CETEARYL SULFATE, SODIUM LAURYL SULFATE, GLYCYRRHETINIC ACID, BUTYLENE GLYCOL, SODIUM HYDROXIDE, MUSA SAPIENTUM (BANANA) FRUIT EXTRACT, TOCOPHEROL, ACETYL TETRAPEPTIDE-2, DEXTRAN."
15,Skin_fading__lightener,https://www.ewg.org/skindeep/products/979782-Hero_Cosmetics_Lightning_Swipe_Dark_Spot_Brightening_Pads/,Hero Cosmetics Lightning Swipe Dark Spot Brightening Pads,"WATER/AQUA/EAU, BUTYLENE GLYCOL, PROPANEDIOL, GLYCERIN, NIACINAMIDE, TROMETHAMINE, BENZYL GLYCOL, GLYCOLIC ACID, ALLANTOIN, BETAINE, TRANEXAMIC ACID, XANTHAN GUM, 1,2-HEXANEDIOL, CALCIUM PANTOTHENATE, CAPRYLYL GLYCOL, ETHYLHEXYLGLYCERIN, SODIUM ASCORBYL PHOSPHATE, HOUTTUYNIA CORDATA EXTRACT, PYRIDOXINE HCL, CAMELLIA SINENSIS LEAF EXTRACT, ALOE BARBADENSIS LEAF JUICE, LYCIUM BARBARUM FRUIT EXTRACT, SACCHAROMYCES FERMENT FILTRATE, ILLICIUM VERUM (ANISE) FRUIT EXTRACT, HYDROXYACETOPHENONE, CITRIC ACID, MALIC ACID, TARTARIC ACID, LACTIC ACID."
16,Skin_fading__lightener,https://www.ewg.org/skindeep/products/809188-Miguhara_Ultra_Whitening_Ample_2018_formulation/,Miguhara Ultra Whitening Ample (2018 formulation),"Anthemis nobilis flower extract, Butylene glycol, Glycerin, Nelumbium speciosum flower extract, Iris versicolor extract, Gnaphalium leontopodium flower extract, Jasminum officinale (Jasmine) flower extract, Lilium candidum flower extract, Rosa centifolia flower extract, Freesia refracta extract, Sodium hyaluronate, Eclipta prostrata extract, Rehmannia glutinosa root extract, Artemisia princeps leaf extract, Portulaca oleracea extract, Glycyrrhiza glabra (Licorice) root extract, Niacinamide, Lonicera japonica (Honeysuckle) flower extract, Zanthoxylum piperitum fruit extract, Pulsatilla koreana extract, Citrus paradisi (Grapefruit) fruit extract, Pentapeptide-13, Galactomyces ferment filtrate, Tremella fuciformis sporocarp extract, Glycosyl trehalose, Hydrogenated starch hydrolysate, Sorbitan stearate, Hydroxyethylcellulose, Carbomer, Arginine, Xanthan gum, Gardenia florida fruit extractÂ , Allantoin, Disodium EDTA, Citrus paradisi (Grapefruit) peel oil"
17,Skin_fading__lightener,https://www.ewg.org/skindeep/products/993612-Drmtlgy_HydraFader/,Drmtlgy Hydra-Fader,"Water/Aqua/Eau, Glycerin, Hydroxyethyl Acrylate/Sodium Acryloyldimethyl Taurate Copolymer, Pyrus Malus (Apple) Fruit Extract, Lepidium Sativum Sprout Extract, Kojic Acid, Ceramide NP, Ceramide AP, Ceramide EOP, Phytosphingosine, Cholesterol, Sodium Lauroyl Lactylate, Carbomer, Xanthan Gum, Butylene Glycol, Polysorbate 20, Palmitoyl Tripeptide-1, Palmitoyl Tetrapeptide-7, Palmitoyl Tripeptide-5, Phenoxyethanol, Polysorbate 80, Alcohol, Palmaria Palmata Extract, Lecithin, Punica Granatum Extract, Panthenol, Ethylhexylglycerin, Aloe Barbadensis Leaf Extract, Disodium EDTA, Genistein"
18,Skin_fading__lightener,https://www.ewg.org/skindeep/products/1009779-Ustawi_NIACINAMIDE_DARK_SPOT_CORRECTOR/,USTAWI NIACINAMIDE DARK SPOT CORRECTOR,": Aqua /Water/Eau, Propanediol, Caprylic/Capric Triglyceride, C14-22 Alcohols, Niacinamide, Silica, Ammonium Acryloyldimethyltaurate/VP Copolymer, Ascorbyl Glucoside, Hexylresorcinol, Triethyl Citrate, C12-20 Alkyl Glucoside, Sodium Stearoyl Glutamate, Sodium Benzoate, Helianthus Annuus (Sunflower) Seed Oil, Tocopherol, Levulinic Acid, Adansonia Digitata Fruit Extract, Sodium Hydroxide, Epigallocatechin Gallate, Glycerin, Sodium Levulinate, Glycyrrhiza Glabra (Licorice) Root Extract, 1,2-Hexanediol, Biosaccharide Gum-4"
19,Skin_fading__lightener,https://www.ewg.org/skindeep/products/969724-Formula_1006_Fade_So_Fast_Salicylic_Acid__Niacinamide_Post_Blemish_Spot_Fader/,Formula 10.0.6 Fade So Fast Salicylic Acid + Niacinamide Post Blemish Spot Fader,"WATER, NIACINAMIDE, C15-23 ALKANE, GLYCERIN, POLYSORBATE 20, TRIHEPTANOIN, PEG-8/SMDI COPOLYMER, POLYACRYLAMIDE, C13-14 ALKANE, TETRAHEXYLDECYL ASCORBATE, SALICYLIC ACID, GLYCYRRHIZA GLABRA (LICORICE) ROOT EXTRACT, PHENOXYETHANOL, C13-14 ISOPARAFFIN, ETHYLHEXYL PALMITATE, XANTHAN GUM, ALLANTOIN, CAPRYLYL GLYCOL, LAURETH-7, CITRIC ACID, DISODIUM EDTA, AMYLOPECTIN, DEXTRIN, POLYDEXTROSE."
20,Skin_fading__lightener,https://www.ewg.org/skindeep/products/7664789-Palmers_Skin_Success_AntiDark_Spot_Complexion_Bar_/,Palmer's Skin Success Anti-Dark Spot Complexion Bar,"Sodium Tallowate, Sodium Cocoate (or) Sodium Palm Kernelate, Water (Aqua), Glycerin, Lanolin, Ascorbic Acid, Tocopherol, Glycyrrhiza Glabra (Licorice) Root Extract, Glycine Soja (Soybean) Oil, Sodium Chloride, Pentasodium Pentetate, Tetrasodium Etidronate, Titanium Dioxide (Cl 77891), Fragrance (Parfum), Citronellol, Limonene, Hexyl Cinnamal, Hydroxycitronellal, Butylphenyl Methylpropional, Linalool."
21,Skin_fading__lightener,https://www.ewg.org/skindeep/products/988391-Caudalie_Vinoperfect_Radiance_Dark_Spot_Serum/,Caudalie Vinoperfect Radiance Dark Spot Serum,"aqua/water/eau, butylene glycol, glycerin, cococaprylate/caprate, squalane, palmitoyl grapevine shoot extract, polyglyceryl-3 distearate, bisabolol, glyceryl stearate, xanthan gum, caprylyl glycol, microcrystalline cellulose, polyacrylate crosspolymer-6, potassium sorbate, glyceryl stearate citrate, citric acid, sodium phytate, sodium hydroxide, parfum (fragrance)"
22,Skin_fading__lightener,https://www.ewg.org/skindeep/products/1007998-Ambi_Fade_Cream_for_Dark_Spots_Oily_Skin/,"Ambi Fade Cream for Dark Spots, Oily Skin","Water, Glycerin, Urea, Cetearyl Alcohol, Glyceryl Glucoside, Cyclomethicone, Sodium Lactate, Butyrospermum Parkii (Shea) Butter, Caprylic/Capric Triglyceride, Methylpropanediol, Octyldodecanol, Dicaprylyl Ether, Tapioca Starch, Glyceryl Stearate SE, Hydrogenated Coco-Glycerides, Arginine HCl, Sodium PCA, Dimethiconol, Lactic Acid, Chondrus Crispus (Carrageenan), Carnitine, Ceramide 3, Mannitol, Serine, Sucrose, Citrulline, Glycogen, Histidine HCl, Alanine, Threonine, Glutamic Acid, Lysine HCl, Sodium Chloride, Sodium Cetearyl Sulfate, 1,2-Hexanediol, Phenoxyethanol"
23,Skin_fading__lightener,https://www.ewg.org/skindeep/products/8678932-Ambi_Even__Clear_Fade_Cream/,Ambi Even & Clear Fade Cream,"WATER (AQUA), GLUCONOLACTONE, NIACINAMIDE, STEARYL ALCOHOL, CAPRYLIC/CAPRIC TRIGLYCERIDE, COCONUT ALKANES, BUTYROSPERMUM PARKII (SHEA) BUTTER, COCO-CAPRYLATE, STEARETH-2, POLYACRYLATE CROSSPOLYMER-6, STEARETH-21, BUTYLENE GLYCOL, DIMETHICONE, PHENOXYETHANOL, TAPIOCA STARCH, GLYCYRRHIZA GLABRA (LICORICE) ROOT EXTRACT, PHENYLETHYL RESORCINOL, SCLAREOLIDE, FRAGRANCE (PARFUM), DISODIUM EDTA, SODIUM HYDROXIDE, ETHYLHEXYLGLYCERIN"
24,Skin_fading__lightener,https://www.ewg.org/skindeep/products/962040-Specific_Beauty_Skin_Brightening_Toner/,Specific Beauty Skin Brightening Toner,"WATER (AQUA), POLYSORBATE 20, CAMELLIA SINENSIS LEAF EXTRACT, CITRUS AURANTIUM DULCIS (ORANGE) FRUIT WATER, ASCORBYL GLUCOSIDE, HYDROXYLATED SOY LECITHIN, PHYLLANTHUS EMBLICA FRUIT EXTRACT, MORUS ALBA BARK EXTRACT, ARCTOSTAPHYLOS UVA-URSI LEAF EXTRACT, ARBUTIN, CITRUS TERPENES, ASCORBIC ACID, PEG-60 HYDROGENATED CASTOR OIL, GLYCERIN, SUPEROXIDE DISMUTASE, XANTHAN GUM, GLYCERETH-26, PHENOXYETHANOL, SODIUM BENZOATE, POTASSIUM SORBATE, CITRIC ACID, FRAGRANCE (PARFUM), DISODIUM EDTA."
25,Skin_fading__lightener,https://www.ewg.org/skindeep/products/8489838-It_Cosmetics_Bye_Bye_Redness_Serum/,IT Cosmetics Bye Bye Redness Serum,"Aqua / Water / Eau, Glycerin, Niacinamide, Propanediol, Isopropyl Lauroyl Sarcosinate, Dimethicone, Glyceryl Stearate, Peg-100 Stearate, C14-22 Alcohols, Colloidal Oatmeal, Phenoxyethanol, Dimethicone/Vinyl Dimethicone Crosspolymer, Panthenol, CI 77891 / Titanium Dioxide, C12-20 Alkyl Glucoside, Chlorphenesin, Carnosine, Dipotassium Glycyrrhizate, Pentaerythrityl Tetra-Di-T-Butyl Hydroxyhydrocinnamate, Xanthan Gum, Acrylates/C10-30 Alkyl Acrylate Crosspolymer, Mica, Bisabolol, Aloe Barbadensis Leaf Juice Powder, Centella Asiatica Extract, CI 77288 / Chromium Oxide Greens, Citric Acid, Trisodium Ethylenediamine Disuccinate, Trideceth-6, Peg-30 Dipolyhydroxystearate, Tin Oxide."
26,Skin_fading__lightener,https://www.ewg.org/skindeep/products/1040665-Manuka_Lane_DARK_SPOT_CORRECTOR/,Manuka Lane DARK SPOT CORRECTOR,"Water, Glycerin, Cetearyl Olivate, Prunus Amygdalus Dulcis (Sweet Almond) Oil, Sorbitan Olivate, Manuka Honey, Phenoxyethanol, Melissa Officinalis Leaf Extract, Mentha Piperita (Peppermint) Leaf Extract, Alchemilla Vulgaris Extract, Primula Veris Extract, Achillea Millefolium Extract, Veronica Officinalis Extract, Malva Sylvestris (Mallow) Extract, Xanthan Gum, Ethylhexylglycerin, Parfum"
27,Skin_fading__lightener,https://www.ewg.org/skindeep/products/1039716-First_Aid_Beauty_FACIAL_RADIANCE_NIACINAMIDE_DARK_SPOT_SERUM/,First Aid Beauty FACIAL RADIANCE NIACINAMIDE DARK SPOT SERUM,"aqua/water/eau, niacinamide, dimethicone, tapioca starch, glycerin, butylene glycol, panthenol, polysorbate 20, actinidia chinensis (kiwi) fruit extract, chrysanthemum parthenium (feverfew) extract, glycyrrhiza glabra (licorice) root extract, camellia sinensis leaf extract, allantoin, aminomethyl propanol, hydroxyacetophenone, polymethylsilsesquioxane, undecylenoyl phenylalanine, acrylates/vinyl isodecanoate crosspolymer, dimethiconol, laureth-4, glyceryl acrylate/acrylic acid copolymer, pvm/ma copolymer, phenoxyethanol, disodium edta, tetrasodium edta"
28,Skin_fading__lightener,https://www.ewg.org/skindeep/products/920382-Alchimie_Forever_Pigment_Lightening_Serum_old_formulation/,Alchimie Forever Pigment Lightening Serum (old formulation),"Water/Aqua, Glycerin, Simmondsia Chinensis (Jojoba) Seed Oil, Alpha Arbutin, Polyacrylamide, Citrus Unshiu Peel Extract, Humulus Lupulus (Hops) Strobile, Camellia Sinensis (Green Tea) Leaf Extract, Vaccinium Myrtillus (Bilberry) Fruit Extract, Sodium Hyaluronate, Ascorbyl Glucoside, Tocopherol, Caprylic/Capric Triglyceride, Isononyl Isononanoate, C13-14 Isoparaffin, Laureth-7, Sodium Hydroxide, Chlorphenesin, Benzyl Alcohol, Benzoic Acid, Sorbic Acid, Fragrance/Parfum"
29,Skin_fading__lightener,https://www.ewg.org/skindeep/products/974899-DERMA_E_Skin_Lighten_Creme/,derma e Skin Lighten Creme,"PURIFIED WATER, CAPRYLIC/CAPRIC TRIGLYCERIDE, GLYCERIN, CETYL ALCOHOL, GLYCERYL STEARATE CITRATE, STEARIC ACID, COCO-CAPRYLATE, GLYCYRRHIZA URALENSIS (LICORICE) ROOT EXTRACT, POLYSORBATE 60, GLYCERYL STEARATE, ALPHA-ARBUTIN, ASCORBYL PALMITATE (VITAMIN C), DIMETHICONE, TITANIUM DIOXIDE, SIMMONDSIA CHINENSIS (JOJOBA) SEED OIL*, ALCOHOL, SILYBUM MARIANUM EXTRACT, PANAX GINSENG ROOT EXTRACT, XANTHAN GUM, CETEARYL GLUCOSIDE, TOCOPHERYL ACETATE, JOJOBA ESTERS, ALUMINA, SILICA, POTASSIUM SORBATE, PHENOXYETHANOL, ETHYLHEXYLGLYCERIN."
30,Skin_fading__lightener,https://www.ewg.org/skindeep/products/1045482-EADEM_Milk_Marvel_Dark_Spot_Serum/,EADEM Milk Marvel Dark Spot Serum,": WATER/ AQUA, CAPRYLIC/CAPRIC TRIGLYCERIDE, GLYCERIN, CRAMBE ABYSSINICA SEED OIL PHYTOSTEROL ESTERS, NIACINAMIDE, GLYCERYL STEARATE SE, METHYLPROPANEDIOL, POLYGLYCERYL-6 LAURATE, POLYGLYCERYL-10 OLEATE, CETEARETH-20, CETEARYL ALCOHOL, PHENOXYETHANOL, CAPRYLYL GLYCOL, ACRYLATES/C10-30 ALKYL ACRYLATE CROSSPOLYMER, SORBITAN PALMITATE, SODIUM PHYTATE, GLYCYRRHIZA GLABRA (LICORICE) ROOT EXTRACT, CELLULOSE GUM, 3-O-ETHYL ASCORBIC ACID, HONOKIOL, MAGNOLOL, PLANKTON EXTRACT, BROMELAIN, PAPAIN, LECITHIN, SODIUM HYDROXIDE, ALGIN, SODIUM ASCORBATE, TOCOPHEROL"
31,Skin_fading__lightener,https://www.ewg.org/skindeep/products/956359-RoC_Multi_Correxion_Even_Tone__Lift_5_in_1_Night_Cream/,Roc Multi Correxion Even Tone + Lift 5 in 1 Night Cream,"WATER, GLYCERIN, DIMETHICONE, ETHYLHEXYL PALMITATE, ISONONYL ISONONANOATE, PROPYLENE GLYCOL, STEARETH-2, BUTYROSPERMUM PARKII (SHEA) BUTTER, PROPANEDIOL, METHYL METHACRYLATE CROSSPOLYMER, BEHENYL ALCOHOL, HEXYLRESORCINOL, SCLEROTIUM GUM, STEARETH-21, ASCORBYL GLUCOSIDE, AMMONIUM ACRYLOYLDIMETHYLTAURATE/VP COPOLYMER, DIMETHICONE CROSSPOLYMER, CAPRYLYL GLYCOL, MICA, TITANIUM DIOXIDE, XYLITYLGLUCOSIDE, ANHYDROXYLITOL, XYLITOL, SODIUM HYDROXIDE, SODIUM CARBONATE, CAPRYLHYDROXAMIC ACID, 1,2-HEXANEDIOL, DISODIUM EDTA, FRAGRANCE"
32,Skin_fading__lightener,https://www.ewg.org/skindeep/products/3263326-Lumanere_Lumanere_Razor_Bumps_Solution__Dark_Spot_Corrector/,"Lumanere, Razor Bumps Solution & Dark Spot Corrector","WATER, SD ALCOHOL-40B, ISOPROPANOL, GLYCERIN, ACETYL SALICYLIC ACID, BUTYLENE GLYCOL, PROPYLENE GLYCOL, DIMETHYLMETHOXY CHROMANYL PALMITATE, TETRAHYDRODIFERULOYLMETHANE, SALICYLIC ACID 0.05%, GLYCOLIC ACID 0.10%, LACTIC ACID 0.10%, CINNAMOMUM CAMPHORA (CAMPHOR) LEAF OIL 0.15%, SALIX ALBA (WILLOW) BARK EXTRACT, CYCLOHEXASILOXANE, HYDROXYETHYLCELLULOSE, PHENOXYETHANOL"
33,Skin_fading__lightener,https://www.ewg.org/skindeep/products/988592-Ren_Clean_Skincare_Overnight_Glow_Dark_Spot_Sleeping_Cream_/,Ren Clean Skincare Overnight Glow Dark Spot Sleeping Cream,"Aqua (Water), Coco-Caprylate/Caprate, Cetyl Alcohol, Cetearyl Alcohol, Cetyl Phosphate, Glycerin, Isodecyl Neopentanoate, Simmondsia Chinensis (Jojoba) Seed Oil, Squalane, Arginine, Benzyl Alcohol, Panthenol, Glycogen, Sodium Dehydroacetate, Dehydroacetic Acid, Parfum* (Fragrance), Sucrose, Plankton Extract, Lecithin, Citric Acid, Sodium Hydroxide, Citral, Limonene, Linalool * 100% Natural Fragrance - Parfum 100% Naturel"
34,Skin_fading__lightener,https://www.ewg.org/skindeep/products/965300-Grisi_Lightening_Natural_Soap_Mother_of_Pearl/,"Grisi Lightening Natural Soap, Mother of Pearl","SODIUM PALMATE/SODIUM COCOATE, ZEA MAYS STARCH/ZEA MAYS (CORN) STARCH, SODIUM LAURYL SULFATE, CI 77891/TITANIUM DIOXIDE, PARAFFINUM LIQUIDUM/MINERAL OIL, CERA ALBA/BEESWAX, BUTYROSPERMUM PARKII BUTTER/BUTYROSPERMUM PARKII (SHEA) BUTTER, PARFUM/FRAGRANCE, AQUA/WATER, TETRASODIUM EDTA, CALCIUM CARBONATE, CITRIC ACID, MOTHER OF PEARL/MOTHER OF PEARL (PTERIA STERNA), SODIUM BENZOATE, ALPHA-ISOMETHYL IONONE, BUTYLPHENYL METHYLPROPIONAL, CITRONELLOL, COUMARIN, GERANIOL, LINALOOL, ASCORBIC ACID."
35,Skin_fading__lightener,https://www.ewg.org/skindeep/products/971495-Grisi_Lightening_Natural_Soap_Mother_of_Pearl/,"Grisi Lightening Natural Soap, Mother of Pearl","SODIUM PALMATE, SODIUM COCOATE, ZEA MAYS STARCH/CORN (ZEA MAYS) STARCH, SODIUM LAURYL SULFATE, CI 77891/TITANIUM DIOXIDE, PARAFFINUM LIQUIDUM/MINERAL OIL, CERA ALBA/BEESWAX, BUTYROSPERMUM PARKII BUTTER/SHEA (BUTYROSPERMUM PARKII) BUTTER, PARFUM/FRAGRANCE, ALPHA-ISOMETHYL IONONE, BENZYL ALCOHOL, BUTYLPHENYL METHYLPROPIONAL, CITRONELLOL, COUMARIN, GERANIOL, LINALOOL, AQUA/WATER, TETRASODIUM EDTA, CI 77220/CALCIUM CARBONATE, CITRIC ACID, MOTHER OF PEARL/MOTHER OF PEARL (PTERIA STERNA), SODIUM BENZOATE, ASCORBIC ACID."
36,Skin_fading__lightener,https://www.ewg.org/skindeep/products/993875-Black__White_Black_and_White_Skin_Tone_Cream/,Black and White Skin Tone Cream,"WATER, GLYCERIN, OCTYLDODECANOL, CAPRYLIC/CAPRIC TRIGLYCERIDE, JOJOBA ESTERS, ISOSORBIDE DICAPRYLATE, GLYCERYL STEARATE SE, BUTYROSPERMUM PARKII (SHEA) BUTTER, HYDROGENATED POLYDECENE, PROPYLENE GLYCOL, BEHENYL ALCOHOL, POTASSIUM CETYL PHOSPHATE, STEARIC ACID, HEXYLRESORCINOL, ALOE BARBADENSIS LEAF JUICE, HYDROGENATED PALM GLYCERIDES, ASCORBIC ACID, TOCOPHEROL, PHENOXYETHANOL, CAPRYLYL GLYCOL, ETHYLHEXYLGLYCERIN, CARBOMER, PHOSPHORIC ACID, XANTHAN GUM, DISODIUM EDTA, SODIUM HYDROXIDE, SODIUM BENZOATE, CITRIC ACID, POTASSIUM SORBATE, SODIUM SULFITE, FRAGRANCE"
37,Skin_fading__lightener,https://www.ewg.org/skindeep/products/958019-Pixi_Vit_C_Brightening_Perfector_Tonecorrect_0284/,"Pixi Vit C+ Brightening Perfector, Tonecorrect 0284","AQUA/WATER/EAU, CAPRYLIC/CAPRIC TRIGLYCERIDE, DICAPRYLYL CARBONATE, CETYL ETHYLHEXANOATE, TRIBEHENIN, OCTYLDODECANOL, POLYGLYCERYL-6 POLYHYDROXYSTEARATE, DISTEARDIMONIUM HECTORITE, GLYCERIN, DIPROPYLENE GLYCOL, SILICA, POLYGLYCERYL-6 POLYRICINOLEATE, SODIUM CHLORIDE, 1,2-HEXANEDIOL, CAMELLIA SINENSIS LEAF EXTRACT, CITRUS LIMON (LEMON) FRUIT EXTRACT, GLYCYRRHIZA GLABRA (LICORICE) ROOT EXTRACT, HIPPOPHAE RHAMNOIDES EXTRACT, SQUALANE, CAFFEINE, ASCORBIC ACID, FERULIC ACID, CITRUS AURANTIUM DULCIS (ORANGE) PEEL OIL, CAPRYLIC/CAPRIC GLYCERIDES, SYNTHETIC FLUORPHLOGOPITE, PROPYLENE CARBONATE, ZEIN, SILICA DIMETHYL SILYLATE, TRIETHOXYCAPRYLYLSILANE, ZEA MAYS (CORN) STARCH, HYDROGENATED LECITHIN, PHENOXYETHANOL, CITRAL, LIMONENE, TITANIUM DIOXIDE (CI 77891), IRON OXIDES (CI 77491, CI 77492)."
38,Skin_fading__lightener,https://www.ewg.org/skindeep/products/573202-Alba_Botanica_Good__Healthy_Spots_Be_Gone_Corrector/,Alba Botanica Good & Healthy Spots Be Gone Corrector,"Aqua (Water), Glycerin, Isoamyl Laurate, Aloe Barbadensis Leaf Juice (1), Cetearyl Olivate, Polyglyceryl-2 Stearate, Sorbitan Olivate, Azadirachta Indica Leaf Extract (1), Beta Vulgaris Cicla Extract (2), Brassica Oleracea Acephala Leaf Extract (3), Echinacea Purpurea Extract, Elettaria Cardamomum Seed Extract, Melissa Officinalis Leaf Extract (1), Ribes Nigrum (Blackcurrant) Leaf Extract, Rubus Idaeus (Raspberry) Leaf Extract, Salix Nigra (Willow) Bark Extract, Spinacia Oleracea (Spinach) Leaf Extract (1), Ascorbyl, Glucoside, Biosaccharide Gum-1, Bisabolol, Caesalpinia Spinosa Gum, Calcium Ascorbate, Cetyl Alcohol, Glyceryl Stearate, Glyceryl Stearate SE, Potassium Hydroxide, Retinyl Palmitate, Salicylic Acid, Sucrose, Tapioca Starch, Tocopheryl Acetate, Stearyl Alcohol, Xanthan Gum, Xanthophyl, Alcohol (1), Benzyl Alcohol, Calcium Gluconate, Gluconolactone, Glyceryl Caprylate, Sodium Anisate, Sodium Benzoate, Sodium Levulinate, Sorbic Acid, Lavandula Angustifolia (Lavender) Oil (4), Amyl Cinnamal, Hydroxycitronellal, Linalool. (1) Certified Organic Ingredient (2) Swiss Chard Extract (3) Kale Extract (4)For Scent Only"
39,Skin_fading__lightener,https://www.ewg.org/skindeep/products/640863-Black_Opal_Even_True_Fade__Even_TriComplex_Tonecorrect_Fade_Gel/,Black Opal Even True Fade & Even Tri-Complex Tonecorrect Fade Gel,"Active Ingredient: Hydroquinone 2.00% (Skin Lightening Gel) Inactive Ingredients: Water (Aqua), Propylene Glycol, Carbomer, Sodium Palmitoyl Proline, Nymphaea Alba Flower Extract, Glycerin, Citrus Unshiu Peel Extract, Curcuma Longa (Turmeric) Root Extract, Glycyrrhiza Glabra (Licorice) Root Extract, Algae Extract, Yeast Extract, Glucosamine HCL, Urea, Sodium Hydroxymethylglycinate, Sodium Sulfite, Sodium Metabisulfite, Butylene Glycol, Disodium EDTA, Polysorbate 20, Benzophenone-4, EDTA, Diazolidinyl Urea, Iodopropynyl Butylcarbamate, Sodium Hydroxide, Caramel, Mica, Titanium Dioxide (CI 77891), Iron Oxides (CI 77491)"
40,Skin_fading__lightener,https://www.ewg.org/skindeep/products/1045030-Mama_Africa_Cosmetics_Lightening_Beauty_Lotion_with_Aloe_Vera/,"Mama Africa Cosmetics, Lightening Beauty Lotion, with Aloe Vera","AQUA, PETROLATUM, CETEARYL ALCOHOL, GLYCERIN, ETHYLHEXYL PALMITATE, CETEARETH-25, KOJIC ACID, GLYCOLIC ACID, BENZOPHENONE-3, ALOE BARBADENSIS LEAF JUICE, LACTIC ACID, LAURYL ALCOHOL, PARFUM, PHENOXYETHANOL, ETHYLHEXYLGLYCERIN, SODIUM POLYACRYLOYLDIMETHYL TAURATE (AND) HYDROGENATED POLYDECENE (AND) TRIDECETH-10, TOCOPHERYL ACETATE, CINNAMAL, CINNAMYLALCOHOL, CITRONELLOL, COUMARIN, EUGENOL, GERANIOL, LIMONENE"
41,Skin_fading__lightener,https://www.ewg.org/skindeep/products/962884-Belli_Skincare_Stretch_mark_cream/,Belli Skincare Stretch mark cream,"Deionized Water, Isopropyl Palmitate, Cetearyl Alcohol (and) Ceteareth-20, Cetearyl Alcohol, Glycerine, Cetyl Hydroxyethylcellulose (and) Rutin (and) Palmitoyl Oligopeptide (and) Palmitoyl Tetrapeptide-3 (and) Phaseolus Lunatus (Green Bean) Seed Extract (and) Butylene Glycol (and) Water - (aka Regestril), Sodium PCA, Tocopheryl Acetate (Vitamin E Acetate), Darutoside, Cyclomethicone, Glyceryl Stearate (and) PEG-100 Stearate, Persea Gratissima (Avocado) Oil, Phenoxyethanol, Caffeine, Butyrospermum Parkii (Shea Butter), Carbomer, Triethanolamine, Acanthopanax Senticosus (Ginseng/Eleutherol) Root Extract, Citrus Nobilis (Mandarin Orange) Peel Oil, Retinyl Palmitate, Iodopropynyl Butylcarbamate (and) Glycereth-2 Cocoate"
42,Skin_fading__lightener,https://www.ewg.org/skindeep/products/1026407-Dermalogica_PowerBright_Dark_Spot_Serum_30ml1oz/,Dermalogica PowerBright Dark Spot Serum 30ml/1oz,"Water/Aqua/Eau, Ethylhexyl Isononanoate, Triolein, Niacinamide, C12-16 Alcohols, 1,2-Hexanediol, Coco-Caprylate/Caprate, Lentinus Edodes Mycelium Extract, C18-36 Acid Triglyceride, Acrylates Copolymer, Butylene Glycol, Ectoin, Paeonia Suffruticosa Root Extract, Jojoba Esters, Hydroxyacetophenone, Hexylresorcinol, Phytosteryl Macadamiate, Sodium Hyaluronate Crosspolymer, Withania Somnifera Root Extract, Phytosterols, Sodium Levulinate, C12-18 Acid Triglyceride, Raspberry Ketone, Mimosa Tenuiflora Bark Extract, Vanilla Planifolia Fruit, Ilex Paraguariensis Leaf Extract, Helianthus Annuus (Sunflower) Seed Oil, Prunus Amygdalus Dulcis (Sweet Almond) Oil, Citrus Aurantium Dulcis (Orange) Peel Oil, Citrus Aurantium Bergamia (Bergamot) Fruit Oil, Citrus Medica Limonum (Lemon) Peel Oil, Citrus Paradisi (Grapefruit) Peel Oil, Ricinus Communis (Castor) Seed Oil, Rosmarinus Officinalis (Rosemary) Leaf Extract, Cistus Ladaniferus Resin, Zingiber Officinale (Ginger) Root Oil, Lavandula Angustifolia (Lavender) Oil, Ribes Nigrum (Black Currant) Seed Oil, Jasminum Sambac (Jasmine) Flower Extract, Cucumis Sativus (Cucumber) Seed Oil, Dipteryx Odorata Seed Extract, Styrax Benzoin Resin Extract, Viola Odorata Leaf Extract, Juniperus Virginiana Oil, Titanium Dioxide, Tocopherol, Ethylhexylglycerin, Xanthan Gum, Sclerotium Gum, Hydrogenated Lecithin, Lecithin, Palmitic Acid, Octyldecanol, Glycerin, Octyldodecyl Oleate, Squalene, Octyldodecyl Stearoyl Stearate, Tetrasodium Glutamate Diacetate, Caprylyl Glycol, Benzyl Glycol, Laureth-21, Pullulan, Silica, Alumina, Sodium Hydroxide, Sodium Dehydroacetate, Sodium Benzoate, Citral, Limonene, Linalool"
43,Skin_fading__lightener,https://www.ewg.org/skindeep/products/976102-Palmers_Skin_Success_Anti_Dark_Spot_Niacinamide_5_Fade_Cream_for_Dry_Skin/,Palmer's Skin Success Anti Dark Spot Niacinamide 5% Fade Cream for Dry Skin,"WATER (AQUA), GLYCERYL STEARATE, MINERAL OIL (PARAFFINUM LIQUIDUM), NIACINAMIDE, PROPYLENE GLYCOL, STEARYL STEARATE, CETEARYL ALCOHOL, PEG-75 LANOLIN, PEG-100 STEARATE, DIMETHICONE, CETEARETH-20, ISOPROPYL MYRISTATE, RETINOL, TRICHOLOMA MATSUTAKE EXTRACT, TOCOPHERYL ACETATE, ASCORBYL GLUCOSIDE, LAVANDULA ANGUSTIFOLIA (LAVENDER) OIL, CITRIC ACID, LEUCONOSTOC/RADISH ROOT FERMENT FILTRATE, MAGNESIUM ALUMINUM SILICATE, CAPRYLIC/CAPRIC TRIGLYCERIDE, ETHYLHEXYLGLYCERIN, BUTYLENE GLYCOL, XANTHAN GUM, DISODIUM EDTA, SODIUM SULFITE, SODIUM METABISULFITE, SODIUM LAURYL SULFATE, SODIUM SULFATE, BHT, PHENOXYETHANOL, LINALOOL, LIMONENE."
44,Skin_fading__lightener,https://www.ewg.org/skindeep/products/5911219-SkinMedica_Even__Correct_Dark_Spot_Cream/,Skinmedica Even & Correct Dark Spot Cream,"Cyclopentasiloxane, Water/Aqua/Eau, Dimethicone Crosspolymer, Caprylic/Capric Triglyceride, Niacinamide, Glycerin, Tranexamic Acid, Glycolic Acid, PEG-10 Dimethicone, Tetrahexyldecyl Ascorbate, PEG/PPG-18/18 Dimethicone, Kojic Dipalmitate, Phenylethyl Resorcinol, Nelumbo Nucifera Germ Extract, Retinol, Caprylhydroxamic Acid, Acetyl Tetrapeptide-2, Dipotassium Glycyrrhizate, Ceramide NP, Tocopheryl Acetate, Bisabolol, Dunaliella Salina Extract, Allantoin, Polysorbate 20, Cetyl Palmitate, Laureth-23, Squalane, 1,2-Hexanediol, Isoceteth-10, Dimethicone, Aminomethyl Propanediol, Dimethicone/Vinyl Dimethicone Crosspolymer, Titanium Dioxide, Propanediol, Sodium Bisulfite, Hydrated Silica, Diethylhexyl Syringylidenemalonate, Stearalkonium Hectorite, BHT, Sodium Surfactin, Phenoxyethanol, Propylene Carbonate, Silica, Trideceth-6 Phosphate, Ethylhexylglycerin, Caprylyl Glycol, Xanthan Gum, Sodium Hydroxide"
45,Skin_fading__lightener,https://www.ewg.org/skindeep/products/976075-Palmers_Skin_Success_Anti_Dark_Spot_Niacinamide_5_Fade_Cream_for_All_Skin/,Palmer's Skin Success Anti Dark Spot Niacinamide 5% Fade Cream for All Skin,"WATER (AQUA), GLYCERYL STEARATE, MINERAL OIL (PARAFFINUM LIQUIDUM), NIACINAMIDE, PROPYLENE GLYCOL, STEARYL STEARATE, CETEARYL ALCOHOL, PEG-75 LANOLIN, PEG-100 STEARATE, DIMETHICONE, CETEARETH-20, ISOPROPYL MYRISTATE, TOCOPHERYL ACETATE, RETINOL, TRICHOLOMA MATSUTAKE EXTRACT, ASCORBYL GLUCOSIDE, ETHYLHEXYL SALICYLATE, LEUCONOSTOC/RADISH ROOT FERMENT FILTRATE, SILICA, CITRIC ACID, DISODIUM EDTA, BUTYLENE GLYCOL, MAGNESIUM ALUMINUM SILICATE, XANTHAN GUM, CAPRYLIC/CAPRIC TRIGLYCERIDE, SODIUM SULFITE, SODIUM METABISULFITE, SODIUM LAURYL SULFATE, SODIUM SULFATE, BHT, ETHYLHEXYLGLYCERIN, PHENOXYETHANOL, FRAGRANCE (PARFUM), LINALOOL, LIMONENE, HYDROXYCITRONELLAL, CITRONELLOL, ALPHA-ISOMETHYL LONONE."
46,Skin_fading__lightener,https://www.ewg.org/skindeep/products/972055-Skin_Success_Eventone_Fade_Cream_Regular/,"Skin Success Eventone Fade Cream, Regular","WATER (AQUA), GLYCERYL STEARATE, MINERAL OIL (PARAFFINUM LIQUIDUM), NIACINAMIDE, PROPYLENE GLYCOL, STEARYL STEARATE, CETEARYL ALCOHOL, PEG-75 LANOLIN, PEG-100 STEARATE, DIMETHICONE, CETEARETH-20, ISOPROPYL MYRISTATE, RETINOL, TRICHOLOMA MATSUTAKE EXTRACT, ASCORBYL GLUCOSIDE, TOCOPHERYL ACETATE, ETHYLHEXYL SALICYLATE, LEUCONOSTOC/RADISH ROOT FERMENT FILTRATE, CITRIC ACID, DISODIUM EDTA, BUTYLENE GLYCOL, MAGNESIUM ALUMINUM SILICATE, XANTHAN GUM, CAPRYLIC/CAPRIC TRIGLYCERIDE, SODIUM SULFITE, SODIUM METABISULFITE, SODIUM LAURYL SULFATE, SODIUM SULFATE, BHT, ETHYLHEXYLGLYCERIN, PHENOXYETHANOL, FRAGRANCE (PARFUM), CITRONELLOL, HYDROXYCITRONELLAL, BUTYLPHENYL METHYLPROPIONAL, LINALOOL, LIMONENE, ALPHA-ISOMETHYL LONONE."
47,Skin_fading__lightener,https://www.ewg.org/skindeep/products/517513-Alpha_Hydrox_Spot_Light_Targeted_Skin_Lightener/,Alpha Hydrox Spot Light Targeted Skin Lightener,"Active Ingredients: Hydroquinone 2%, Inactive Ingredients: Water, Glycolic Acid, Propylene Glycol, Isopropyl Palmitate, Mineral Oil (Paraffinum Liquidum), Glyceryl Stearate, Cetearyl Alcohol, Ozokerite, Sodium Hydroxide, Steareth 20, Laureth 23, Tocopherol (Natural Vitamin E), Dimethicone, Xanthan Gum, Sodium PVM/MA Decadiene Cross Polymer, Sorbic Acid (A Preservative), Sodium Metabisulfite, Imidazolidinyl Urea, Tetrasodium EDTA, Fragrance, BHT"
48,Skin_fading__lightener,https://www.ewg.org/skindeep/products/865771-Ambi_Skincare_Fade_Cream_Oily_Skin_2019_formulation/,"Ambi Skincare Fade Cream, Oily Skin (2019 formulation)","WATER, GLYCERIN, ISOPROPYL MYRISTATE, STEARIC ACID, CETYL ALCOHOL, POTASSIUM CETYL PHOSPHATE, BETAINE, GLYCERYL STEARATE, PEG-100 STEARATE, SODIUM METABISULFITE, PENTAERYTHRITYL TETRA-DI-T-BUTYL HYDROXYHYDROCINNAMATE, FRAGRANCE, TOCOPHERYL ACETATE, METHYLPARABEN, DISODIUM EDTA, LACTIC ACID, PROPYLPARABEN, ETHYLPARABEN, PEG-16 SOY STEROL, SODIUM ASCORBYL PHOSPHATE, BUTYLENE GLYCOL, GLYCINE SOJA (SOYBEAN) PROTEIN"
49,Skin_fading__lightener,https://www.ewg.org/skindeep/products/979530-Palmers_Skin_Success_Anti_Dark_Spot_Niacinamide_5_Fade_Cream_for_All_Skin_Types/,Palmer's Skin Success Anti Dark Spot Niacinamide 5% Fade Cream for All Skin Types,"WATER (AQUA), GLYCERYL STEARATE, MINERAL OIL (PARAFFINUM LIQUIDUM), NIACINAMIDE, PROPYLENE GLYCOL, STEARYL STEARATE, CETEARYL ALCOHOL, PEG-75 LANOLIN, PEG-100 STEARATE, DIMETHICONE, CETEARETH-20, ISOPROPYL MYRISTATE, RETINOL, TRICHOLOMA MATSUTAKE EXTRACT, ASCORBYL GLUCOSIDE, TOCOPHERYL ACETATE, ETHYLHEXYL SALICYLATE, LEUCONOSTOC/RADISH ROOT FERMENT FILTRATE, CITRIC ADD, DISODIUM EDTA, BUTYLENE GLYCOL, MAGNESIUM ALUMINUM SILICATE, XANTHAN GUM, CAPRYLIC/CAPRIC TRIGLYCERIDE, SODIUM SULFITE, SODIUM METABISULFITE, SODIUM LAURYL SULFATE, SODIUM SULFATE, BHT, ETHYLHEXYLGLYCERIN, PHENOXYETHANOL, FRAGRANCE (PARFUM), CITRONELLOL, HYDROXYCITRONELLAL, BUTYLPHENYL METHYLPROPIONAL, LINALOOL, LIMONENE, ALPHA-ISOMETHYL IONONE."
50,Skin_fading__lightener,https://www.ewg.org/skindeep/products/3074073-Meaningful_Beauty_Dark_Spot_Treatment/,Meaningful Beauty Dark Spot Treatment,"Water, Niacinamide, Glycerin, Tranexamic Acid, Olive Oil Glycereth-8 Esters, Acrylamide/Sodium Acryloyldimethyltaurate Copolymer, Isohexadecane, Hexylresorcinol, Kojic Acid, Pentylene Glycol, Palmaria Palmata Extract, Bakuchiol, Caprylic/Capric Triglyceride, Glycolic Acid, Polysorbate 80, Caprylyl Glycol, Maltodextrin, Retinol, Sodium Sulfite, Ethylhexylglycerin, Hexylene Glycol, Disodium EDTA, Cetyl Palmitate, Laureth-23, Sorbitan Oleate, Caproyl Sphingosine, BHA, Trideceth-6 Phosphate, Glutathione, Sodium Hydroxide, Citric Acid, Polysorbate 20, Sodium Metabisulfite, Phenoxyethanol."
51,Skin_fading__lightener,https://www.ewg.org/skindeep/products/962286-Stila_One_Step_Correct_Kitten_Skin_Tone_Correcting__Brightening_Primer/,Stila One Step Correct Kitten Skin Tone Correcting & Brightening Primer,"WATER/AQUA/EAU, CYCLOPENTASILOXANE, PROPYLENE GLYCOL, ZINC OXIDE, OCTYLDODECYL NEOPENTANOATE, GLYCERIN, TITANIUM DIOXIDE (NANO), BUTYLENE GLYCOL, PHENOXYETHANOL, CARBOMER, MICA, PEG/PPG - 18/18 DIMETHICONE, DIMETHICONE, SODIUM HYDROXIDE, TITANIUM DIOXIDE (CI 77891), ALUMINUM HYDROXIDE, STEARIC ACID, IRON OXIDES (CI 77491), CHROMIUM OXIDE GREENS (CI 77288), BORON NITRIDE, CAPRYLYL GLYCOL, IRON OXIDES (CI 77492), ULTRAMARINES (CI 77007), SODIUM DEHYDROACETATE, METHYLPARABEN, PHYTANTRIOL, GLYCERYL ACRYLATE/ACRYLIC ACID COPOLYMER, DISODIUM EDTA, TRIETHOXYCAPRYLYLSILANE, HEXYLENE GLYCOL, PALMITIC ACID, PROPYLPARABEN, DEXTRIN PALMITATE, TETRAHEXYLDECYL ASCORBATE, TOCOPHEROL, TOCOPHERYL ACETATE, IRON OXIDES (CI 77499), RETINYL PALMITATE, MAGNESIUM ASCORBYL PHOSPHATE, LYSINE, ANTHEMIS NOBILIS FLOWER EXTRACT, CAMELLIA SINENSIS LEAF EXTRACT, GINKGO BILOBA LEAF EXTRACT, PANAX GINSENG ROOT EXTRACT, SODIUM HYALURONATE, POTASSIUM CHLORIDE, MAGNESIUM CHLORIDE, SODIUM CHLORIDE, ZINC CHLORIDE, POTASSIUM SORBATE, MONTMORILLONITE, ILLITE, KAOLIN."
52,Skin_fading__lightener,https://www.ewg.org/skindeep/products/961373-Stila_One_Step_Correct_Skin_Tone_Correcting__Brightening_Primer/,"We're sorry, but something went wrong.",Unknown Ingredients
53,Skin_fading__lightener,https://www.ewg.org/skindeep/products/2633332-Alpha_Skincare_Alpha_Skin_Care_Dual_Action_Skin_Lightener/,Alpha Skin Care Dual Action Skin Lightener,"Active Ingredients: HYDROQUINONE 2.0%; Inactive Ingredients: WATER, GLYCOLIC ACID, PROPYLENE GLYCOL, ISOPROPYL PALMITATE, MINERAL OIL, GLYCERYL STEARATE, CETYL ALCOHOL, OZOKERITE, SODIUM HYDROXIDE, STEARETH-20, LAURETH-23, TOCOPHEROL (VITAMIN E), DIMETHICONE, XANTHAN GUM, SODIUM PVM/MA DECADIENE CROSSPOLYMER, SORBIC ACID, SODIUM METABISULFITE, IMIDAZOLIDINYL UREA, TETRASODIUM EDTA, FRAGRANCE, BHT"
54,Skin_fading__lightener,https://www.ewg.org/skindeep/products/464550-Ambi_Even__Clear_Targeted_Mark_Minimizer/,Ambi Even & Clear Targeted Mark Minimizer,"Water, Isononyl Isononanoate, Glycerin, Steareth 2, Ascorbic Acid (Vitamin C), Dimethicone, Cetyl Palmitate, PEG 8, Sorbitan Stearate, Butylene Glycol, Cetearyl Alcohol, Steareth 21, Cyclopentasiloxane, Panthenol, Butyrospermum Parkii (Shea Butter), Caprylyl Glycol, Methylparaben, Bisabolol (L-Alpha), Acrylates/C10 30 Alkyl Acrylate Crosspolymer, Fragrance, Xanthan Gum, Disodium EDTA, Propylparaben, Hydroxyethyl Acrylate/Sodium Acryloyldimethyl Taurate Copolymer, Sucrose Cocoate, Squalane, BHT, Tocopherol (Natural Vitamin E), Polysorbate 20, Retinal, Chlorhexidine, Digluconate, Polysorbate 60, Magnesium Aspartate, Zinc Gluconate, Lactoferrin, Copper Gluconate, May Contain (+/-):, Sodium Hydroxide"
55,Skin_fading__lightener,https://www.ewg.org/skindeep/products/953081-Ambi_Fade_Cream_for_Normal_Skin/,Ambi Fade Cream for Normal Skin,"Active Ingredients: HYDROQUINONE 2.0%, OCTINOXATE 2.0%; Inactive Ingredients: WATER, GLYCERIN, ISOPROPYL MYRISTATE, STEARIC ACID, CETYL ALCOHOL, POTASSIUM CETYL PHOSPHATE, BETAINE, GLYCERL STEARATE, PEG-100 STEARATE SODIUM METABISULFITE, PENTAERYTHRITYL TETRA-DI-T-BUTYL HYDROXYHYDROCINNAMATE, FRAGRANCE, TOCOPHERYL ACETATE, METHYLPARABEN, DISODIUM EDTA, LACTIC ACID, PROPYLPARABEN, ETHYLPARABEN, PEG-16 SOY STEROL, SODIUM ASCORBYL PHOSPHATE, BUTYLENE GLYCOL, GLYCINE SOJA (SOYBEAN) PROTEIN"
56,Skin_fading__lightener,https://www.ewg.org/skindeep/products/855356-Ambi_Fade_Cream_normal_skin/,"Ambi Fade Cream, normal skin","Active Ingredients: Hydroquinone, 2%, Octinoxate, 2% Inactive Ingredients: Water, Glycerin, Isopropyl Myristate, Stearic Acid, Cyclopentasiloxane, Cetyl Alcohol, Betaine, Hydroxyethyl Urea, Glyceryl Stearate,PEG-100 Stearate, Potassium Cetyl Phosphate, Dimethicone Crosspolymer, Sodium Metabisulfite, Pentaerythrityl Tetra-di-t-Butyl Hydroxyhydrocinnamate, Fragrance, Tocopheryl Acetate, Methylparaben, Disodium EDTA, Lactic Acid, Propylparaben, Ethylparaben, PEG-16 Soy Sterol, Sodium Ascorbyl Phosphate, Butylene Glycol, Glycine Soja (Soybean) Protein"
57,Skin_fading__lightener,https://www.ewg.org/skindeep/products/463784-Ambi_Fade_Cream_Oily_Skin/,"Ambi Fade Cream, Oily Skin","Active Ingredients: Hydroquinone 2% (Skin Bleaching Agent), Padimate O 2.0% (Sunscreen), Inactive Ingredients: Betaine, Butylene Glycol, Cetyl Alcohol, Disodium EDTA, Ethylhexyl Methoxycinnamate, Ethylparaben, Fragrance, Glycerin, Glyceryl Stearate, Glycine Soja Protein (Soybean), Isopropyl Myristate, Lactic Acid, Methylparaben, PEG 100 Stearate, PEG 16 Soy Sterol, Pentaerythrityl Tetra Di T Butyl Hydroxyhydrocinnamate, Potassium Cetyl Phosphate, Propylparaben, Sodium Ascorbyl Phosphate, Sodium Metabisulfite, Stearic Acid, Tocopheryl Acetate, Water"
58,Skin_fading__lightener,https://www.ewg.org/skindeep/products/871141-Porcelana_Day_Skin_Lightening_Cream_2019_formulation/,Porcelana Day Skin Lightening Cream (2019 formulation),"Active Ingredients: HYDROQUINONE U.S.P. 2.0%, OCTYL METHOXYCINNAMATE 2.5%; Inactive Ingredients: WATER, MINERAL OIL, GLYCERYL STEARATE, CETYL ALCOHOL, ISOPROPYL PALMITATE, PEG-100 STEARATE, PROPYLENE GLYCOL, EMULSIFYING WAX NF, STEARIC ACID, HYDROXYETHYLCELLULOSE, TOCOPHERYL ACETATE, MAGNESIUM ASCORBYL PHOSPHATE, BETA-CAROTENE, DISODIUM EDTA, C13-14 ISOPARAFFIN, SODIUM META-BISULFITE, CITRIC ACID, BHT, METHYLPARABEN, PROPYLPARABEN, DIAZOLIDINYL UREA, FRAGRANCE"
59,Skin_fading__lightener,https://www.ewg.org/skindeep/products/939259-Skin_Success_Anti_Dark_Spot_Fade_Milk_Tone_Correcting_Body_Lotion_2020_formulation/,Skin Success Anti Dark Spot Fade Milk Tone Correcting Body Lotion (2020 formulation),"Active Ingredients: HYDROQUINONE 2.0%, PADIMATE O 3.0%; Inactive Ingredients: WATER (AQUA), GLYCERIN, CETEARYL ALCOHOL, MINERAL OIL, ISOPROPYL MYRISTATE, STEARYL ALCOHOL, DIMETHICONE, GLYCERYL STEARATE, PEG-100 STEARATE, CETEARETH-20, RETINOL, TOCOPHEROL, HELIANTHUS ANNUUS (SUNFLOWER) SEED OIL, ASCORBYL PALMITATE, VACCINIUM MYRTILLUS FRUIT/LEAF EXTRACT, CITRUS AURANTIUM DULCIS (ORANGE) FRUIT EXTRACT, CITRUS LIMON (LEMON) FRUIT EXTRACT, ACER SACCHARUM (SUGAR MAPLE) EXTRACT, SACCHARUM OFFICINARUM (SUGAR CANE) EXTRACT, CITRIC ACID, CAPRYLIC/CAPRIC TRIGLYCERIDE, DIAZOLIDINYL UREA, PROPYLENE GLYCOL, SODIUM METABISULFITE, DISODIUM EDTA, LAURYL GLUCOSIDE, XANTHAN GUM, SODIUM SULFITE, ZEA MAYS (CORN) OIL, CANOLA OIL GLYCERIDE, BHT, TBHQ, METHYLPARABEN, PROPYLPARABEN, FRAGRANCE (PARFUM), CITRONELLOL, HYDROXYCITRONELLAL, BUTYLPHENYL METHYLPROPIONAL, LINALOOL, HYDROXYISOHEXYL 3-CYCLOHEXENE CARBOXALDEHYDE, LIMONENE, ALPHA-ISOMETHYL IONONE."
60,Skin_fading__lightener,https://www.ewg.org/skindeep/products/939256-Palmers_Skin_Success_AntiDark_Spot_Fade_Cream_for_All_Skin_Types_2020_formulation/,Palmer's Skin Success Anti-Dark Spot Fade Cream for All Skin Types (2020 formulation),"Active Ingredients: HYDROQUINONE 2.0%, Octisalate 3.0%; Inactive Ingredients: WATER (AQUA), GLYCERYL STEARATE, MINERAL OIL, PROPYLENE GLYCOL, STEARYL STEARATE, CETEARYL ALCOHOL, PEG-75 LANOLIN, PEG-100 STEARATE, CETEARETH-20, DIMETHICONE, ISOPROPYL MYRISTATE, RETINOL, TOCOPHEROL, HELIANTHUS ANNUUS (SUNFLOWER) SEED OIL, ASCORBYL PALMITATE, VACCINIUM MYRTILLUS FRUIT/LEAF EXTRACT, CITRUS AURANTIUM DULCIS (ORANGE) FRUIT EXTRACT, CITRUS LIMON (LEMON) FRUIT EXTRACT, ARCTOSTAPHYLOS UVA URSI LEAF EXTRACT, SACCHARUM OFFICINARUM (SUGAR CANE) EXTRACT, ACER SACCHARUM (SUGAR MAPLE) EXTRACT, CITRIC ACID, CAPRYLIC/CAPRIC TRIGLYCERIDE, MAGNESIUM ALUMINUM SILICATE, SODIUM LAURYL SULFATE, SODIUM SULFITE, SODIUM METABISULFITE, XANTHAN GUM, IMIDAZOLIDINYL UREA, DISODIUM EDTA, CANOLA OIL GLYCERIDES, ZEA MAYS (CORN) OIL, BHT, TBHQ, METHYLPARABEN, PROPYLPARABEN, FRAGRANCE (PARFUM), CITRONELLOL, HYDROXYCITRONELLAL, BUTYLPHENYL METHYLPROPIONAL, LINALOOL, HYDROXYISOHEXYL 3-CYCLOHEXENE CARBOXALDEHYDE, LIMONENE, ALPHA-ISOMETHYL IONONE.,"
